,SY PRINTING,,,,3
Roll Up Stand 76cm X 200cm (Economy),157.74,,,,
Roll Up Stand 76cm X 200cm,163.74,,,,
Roll Up Stand 85cm X 200cm (Economy),176.07,,,,
Roll Up Stand 85cm X 200cm (Luxury),353.07,,,,
Roll Up Stand 85cm X 200cm (Luxury) (2 Side),556.14,,,,
Roll Up Stand 120cm X 200cm (Luxury),518.73,,,,
,,,,,
Mini X Stand A3 [Table],30.75,,,,
Mini X Stand A4 [Table],25.5,,,,
X Stand [Black] (24X72INCH),87,,,,
,,,,,
Tripod Stand,87.9,,,,
T Bar Stand,119.4,,,,
T Bar Stand [Water Base],147.9,,,,
,,,,,
Human Standee,96,,,,
H Stand [Slanted],94.5,,,,
H Stand [Straight],111,,,,
Wooden Easel Stand,90,,,,
,,,,,
Pop Up Table,658.5,,,,
Pop Up Backdrop Display (Soft Case),2043,,,,
Pop Up Backdrop Display (Hard Case),2622,,,,
,,,,,
Water Bag,33,,,,