,,,,,,,,,,,
PAKEJ SIMPLE,,,,,,,,,,,
,jual,,,,,,,,,,
50,88,,,,,,,,,,
100,129,,,,,,,,,,
200,188,,,,,,,,,,
300,288,,,,,,,,,,
500,388,,,,,,,,,,
1000,777,,,,,,,,,,
,,,,,,,,,,,
,,,,,,,,,,,
PAKEJ A,,,,,,,,,,,
,jual,,,,,,,,,,
50,99,,,,,,,,,,
100,149,,,,,,,,,,
200,199,,,,,,,,,,
300,299,,,,,,,,,,
500,399,,,,,,,,,,
1000,799,,,,,,,,,,
,,,,,,,,,,,
,,,,,,,,,,,
PAKEJ B,,,,,,,,,,,
,jual,,,,,,,,,,
50,119,,,,,,,,,,
100,159,,,,,,,,,,
200,210,,,,,,,,,,
300,310,,,,,,,,,,
500,410,,,,,,,,,,
1000,810,,,,,,,,,,
,,,,,,,,,,,
,,,,,,,,,,,
PAKEJ C,,,,,,,,,,,
,jual,,,,,,,,,,
50,129,,,,,,,,,,
100,188,,,,,,,,,,
200,229,,,,,,,,,,
300,329,,,,,,,,,,
500,429,,,,,,,,,,
1000,829,,,,,,,,,,
,,,,,,,,,,,
,,,,,,,,,,,
PAKEJ D,,,,,,,,,,,
,jual,,,,,,,,,,
50,139,,,,,,,,,,
100,199,,,,,,,,,,
200,249,,,,,,,,,,
300,349,,,,,,,,,,
500,449,,,,,,,,,,
1000,849,,,,,,,,,,
,,,,,,,,,,,
,,,,,,,,,,,
PAKEJ E,,,,,,,,,,,
,jual,,,,,,,,,,
50,169,,,,,,,,,,
100,229,,,,,,,,,,
200,299,,,,,,,,,,
300,349,,,,,,,,,,
500,499,,,,,,,,,,
1000,799,,,,,,,,,,
,,,,,,,,,,,
,,,,,,,,,,,
bunting,30,,,,,,,,,,
arrow bunting,10,,,,,,,,,,
banner,40,,,,,,,,,,
sticker,,,,,,,,,,,
guestbook,50,,,,,,,,,,
backdrop,100,,,,,,,,,,
button badge,3,,,,,,,,,,
,,,,,,,,,,,